algorithm,trial,avg_error,max_error
spring,0,0.9249249756620136,2.0
spring,1,0.9703589585688156,2.0
spring,2,0.9646278789051965,2.0
spring,3,0.9514011852935508,2.0
spring,4,0.949822161778874,2.0
spring,5,0.8569601989346939,2.0
spring,6,0.9760804992987877,2.0
spring,7,0.8090776742672702,2.0
spring,8,0.9710716683997891,2.0
spring,9,0.9228099890759396,2.0
