algorithm,trial,avg_error,max_error,path_length
astar,0,0.13874158340475493,0.778427434546377,47.368838354206986
spring,0,0.19355463933183054,0.5800973534876078,12.017971417803306
