algorithm,trial,avg_error,max_error,path_length
spring,0,0.5953420235033696,0.9220337214876321,12.306642325051431
astar,0,0.14777061087029256,0.7971906940963495,58.65584412271598
