algorithm,trial,avg_error,max_error,path_length
astar,0,0.10886583685879259,0.6156292973773451,17.394112549695407
spring,0,0.16394324371879598,4.857374307628421,33.24797897020172
