algorithm,trial,avg_error,max_error
spring,99,0.1935036922646271,0.5114068164048859
