algorithm,trial,avg_error,max_error,path_length
spring,0,0.15483197638663806,0.8261748132768139,14.5937479767146
astar,0,0.12479601610228139,0.7834776519794411,32.65807358037449
